{
  "resolution": "main",
  "tree": {
    "src": "https://raw.githubusercontent.com/typed-typings/npm-orchestrator/bd916c96d6d8e946bc73772fc3854accd5860aa4/typings.json",
    "raw": "registry:npm/orchestrator#0.3.7+20160211003958",
    "main": "orchestrator.d.ts",
    "dependencies": {
      "es6-promise": {
        "src": "https://raw.githubusercontent.com/typed-typings/npm-es6-promise/fb04188767acfec1defd054fc8024fafa5cd4de7/typings.json",
        "raw": "github:typed-typings/npm-es6-promise#fb04188767acfec1defd054fc8024fafa5cd4de7",
        "main": "dist/es6-promise.d.ts",
        "name": "es6-promise",
        "type": "typings"
      }
    },
    "name": "orchestrator",
    "type": "typings"
  }
}
